Workbook

Sheet Instructions
A1: Agency MBS Bloomberg Data Pull
A2: Run this workbook only in desktop Excel with a logged-in Bloomberg add-in.
A4: Step | B4: Action | C4: Details
A5: 1 | B5: Open Inputs | C5: Confirm the three locked CUSIPs and choose the history dates.
A6: 2 | B6: Validate the pilot | C6: On Bloomberg, run FLDS <GO> for 3140QVLM4 Mtge and verify every required mnemonic on Field_Check.
A7: 3 | B7: Refresh Bloomberg | C7: Bloomberg ribbon → Refresh Workbook. Wait until no cells show Requesting Data.
A8: 4 | B8: Cross-check | C8: Compare coupon/factor/date to DES and BVAL. Compare factor history to MTG <GO>.
A9: 5 | B9: Review quality | C9: Data_Quality must show PASS for CUSIP, coupon, factor, and factor date.
A10: 6 | B10: Save calculated copy | C10: Save under data/market/raw/bloomberg/. Do not commit licensed Bloomberg values.
A11: 7 | B11: Import | C11: Run: python src/market_data.py data/market/raw/bloomberg/<calculated>.xlsx
A13: Important | B13: BVAL is an evaluated price, not an executed trade. PX_LAST is diagnostic only. Frequency must be D, W, or M. Bloomberg rejects the word DAILY. BVAL_MID_PRICE is Field Not Applicable on these CL pools; use bid/ask. Weighted-average loan age is not a Bloomberg field on these pools; use the issuer file. Open this new template and refresh it. Do not reuse a previously calculated copy.

Sheet Inputs
A1: Inputs
A2: Blue/yellow cells are editable. Frequency must be the BDH code D, W, or M.
A4: Role | B4: Agency | C4: Pool Number | D4: CUSIP | E4: Bloomberg Security | F4: Start Date | G4: End Date | H4: Frequency
A5: primary | B5: FNMA | C5: CB9331 | D5: 3140QVLM4 | E5: 3140QVLM4 Mtge | F5: 2024-09-01 | G5: =TODAY() | H5: D
A6: holdout | B6: FNMA | C6: CB9654 | D6: 3140QVWQ3 | E6: 3140QVWQ3 Mtge | F6: 2024-11-01 | G6: =TODAY() | H6: D
A7: holdout | B7: FNMA | C7: DB7684 | D7: 3140AHRE4 | E7: 3140AHRE4 Mtge | F7: 2024-07-01 | G7: =TODAY() | H7: D
A10: Do not change CUSIPs after validation starts.
A11: Frequency codes: D = daily, W = weekly, M = monthly. Do not enter DAILY.

Sheet Field_Check
A1: Pilot field validation
A2: Required fields must return a value for the primary CUSIP. Confirm each mnemonic with FLDS <GO>.
A4: Category | B4: Mnemonic | C4: Label | D4: Required | E4: Pilot Formula | F4: Status | G4: Terminal Check
A5: static_fields | B5: ID_CUSIP | C5: CUSIP | D5: YES | E5: =BDP(Inputs!$E$5,"ID_CUSIP") | F5: =IF(OR(ISERROR(E5),ISNUMBER(SEARCH("Field Not Applicable",E5&"")),ISNUMBER(SEARCH("Invalid Field",E5&""))),"ERROR",IF(E5="","MISSING","RETURNED")) | G5: Confirm in FLDS
A6: static_fields | B6: NAME | C6: Security name | D6: YES | E6: =BDP(Inputs!$E$5,"NAME") | F6: =IF(OR(ISERROR(E6),ISNUMBER(SEARCH("Field Not Applicable",E6&"")),ISNUMBER(SEARCH("Invalid Field",E6&""))),"ERROR",IF(E6="","MISSING","RETURNED")) | G6: Confirm in FLDS
A7: static_fields | B7: CPN | C7: Pass-through coupon | D7: YES | E7: =BDP(Inputs!$E$5,"CPN") | F7: =IF(OR(ISERROR(E7),ISNUMBER(SEARCH("Field Not Applicable",E7&"")),ISNUMBER(SEARCH("Invalid Field",E7&""))),"ERROR",IF(E7="","MISSING","RETURNED")) | G7: Confirm in FLDS
A8: static_fields | B8: ISSUE_DT | C8: Issue date | D8: YES | E8: =BDP(Inputs!$E$5,"ISSUE_DT") | F8: =IF(OR(ISERROR(E8),ISNUMBER(SEARCH("Field Not Applicable",E8&"")),ISNUMBER(SEARCH("Invalid Field",E8&""))),"ERROR",IF(E8="","MISSING","RETURNED")) | G8: Confirm in FLDS
A9: static_fields | B9: MATURITY | C9: Final maturity | D9: YES | E9: =BDP(Inputs!$E$5,"MATURITY") | F9: =IF(OR(ISERROR(E9),ISNUMBER(SEARCH("Field Not Applicable",E9&"")),ISNUMBER(SEARCH("Invalid Field",E9&""))),"ERROR",IF(E9="","MISSING","RETURNED")) | G9: Confirm in FLDS
A10: static_fields | B10: MTG_FACTOR | C10: Current pool factor | D10: YES | E10: =BDP(Inputs!$E$5,"MTG_FACTOR") | F10: =IF(OR(ISERROR(E10),ISNUMBER(SEARCH("Field Not Applicable",E10&"")),ISNUMBER(SEARCH("Invalid Field",E10&""))),"ERROR",IF(E10="","MISSING","RETURNED")) | G10: Confirm in FLDS
A11: static_fields | B11: MTG_FACTOR_DT | C11: Current factor date | D11: YES | E11: =BDP(Inputs!$E$5,"MTG_FACTOR_DT") | F11: =IF(OR(ISERROR(E11),ISNUMBER(SEARCH("Field Not Applicable",E11&"")),ISNUMBER(SEARCH("Invalid Field",E11&""))),"ERROR",IF(E11="","MISSING","RETURNED")) | G11: Confirm in FLDS
A12: static_fields | B12: MTG_WAC | C12: Weighted-average note rate | D12: NO | E12: =BDP(Inputs!$E$5,"MTG_WAC") | F12: =IF(OR(ISERROR(E12),ISNUMBER(SEARCH("Field Not Applicable",E12&"")),ISNUMBER(SEARCH("Invalid Field",E12&""))),"NOT APPLICABLE",IF(LEFT(E12&"",1)="#","ERROR",IF(E12="","MISSING","RETURNED"))) | G12: Confirm in FLDS
A13: static_fields | B13: MTG_WAM | C13: Weighted-average remaining maturity | D13: NO | E13: =BDP(Inputs!$E$5,"MTG_WAM") | F13: =IF(OR(ISERROR(E13),ISNUMBER(SEARCH("Field Not Applicable",E13&"")),ISNUMBER(SEARCH("Invalid Field",E13&""))),"NOT APPLICABLE",IF(LEFT(E13&"",1)="#","ERROR",IF(E13="","MISSING","RETURNED"))) | G13: Confirm in FLDS
A14: static_fields | B14: AMT_OUTSTANDING | C14: Current amount outstanding | D14: NO | E14: =BDP(Inputs!$E$5,"AMT_OUTSTANDING") | F14: =IF(OR(ISERROR(E14),ISNUMBER(SEARCH("Field Not Applicable",E14&"")),ISNUMBER(SEARCH("Invalid Field",E14&""))),"NOT APPLICABLE",IF(LEFT(E14&"",1)="#","ERROR",IF(E14="","MISSING","RETURNED"))) | G14: Confirm in FLDS
A15: historical_fields | B15: BVAL_MID_PRICE | C15: BVAL evaluated mid | D15: NO | E15: =IF(ISNUMBER(Price_History!B6),Price_History!B6,Price_History!A6) | F15: =IF(OR(ISERROR(Price_History!A6),ISNUMBER(SEARCH("Field Not Applicable",Price_History!A6&"")),ISNUMBER(SEARCH("Invalid Field",Price_History!A6&""))),"NOT APPLICABLE",IF(LEFT(Price_History!A6&"",1)="#","ERROR",IF(ISNUMBER(Price_History!B6),"RETURNED","MISSING"))) | G15: Confirm in FLDS
A16: historical_fields | B16: PX_BID | C16: Bid price | D16: NO | E16: =IF(ISNUMBER(Price_History!E6),Price_History!E6,Price_History!D6) | F16: =IF(OR(ISERROR(Price_History!D6),ISNUMBER(SEARCH("Field Not Applicable",Price_History!D6&"")),ISNUMBER(SEARCH("Invalid Field",Price_History!D6&""))),"NOT APPLICABLE",IF(LEFT(Price_History!D6&"",1)="#","ERROR",IF(ISNUMBER(Price_History!E6),"RETURNED","MISSING"))) | G16: Confirm in FLDS
A17: historical_fields | B17: PX_ASK | C17: Ask price | D17: NO | E17: =IF(ISNUMBER(Price_History!H6),Price_History!H6,Price_History!G6) | F17: =IF(OR(ISERROR(Price_History!G6),ISNUMBER(SEARCH("Field Not Applicable",Price_History!G6&"")),ISNUMBER(SEARCH("Invalid Field",Price_History!G6&""))),"NOT APPLICABLE",IF(LEFT(Price_History!G6&"",1)="#","ERROR",IF(ISNUMBER(Price_History!H6),"RETURNED","MISSING"))) | G17: Confirm in FLDS
A18: historical_fields | B18: PX_LAST | C18: Last price | D18: NO | E18: =IF(ISNUMBER(Price_History!K6),Price_History!K6,Price_History!J6) | F18: =IF(OR(ISERROR(Price_History!J6),ISNUMBER(SEARCH("Field Not Applicable",Price_History!J6&"")),ISNUMBER(SEARCH("Invalid Field",Price_History!J6&""))),"NOT APPLICABLE",IF(LEFT(Price_History!J6&"",1)="#","ERROR",IF(ISNUMBER(Price_History!K6),"RETURNED","MISSING"))) | G18: Confirm in FLDS
A19: historical_fields | B19: OAS_SPREAD_MID | C19: Bloomberg mid OAS | D19: NO | E19: =IF(ISNUMBER(Price_History!N6),Price_History!N6,Price_History!M6) | F19: =IF(OR(ISERROR(Price_History!M6),ISNUMBER(SEARCH("Field Not Applicable",Price_History!M6&"")),ISNUMBER(SEARCH("Invalid Field",Price_History!M6&""))),"NOT APPLICABLE",IF(LEFT(Price_History!M6&"",1)="#","ERROR",IF(ISNUMBER(Price_History!N6),"RETURNED","MISSING"))) | G19: Confirm in FLDS
A20: historical_fields | B20: Z_SPRD_MID | C20: Bloomberg mid Z-spread | D20: NO | E20: =IF(ISNUMBER(Price_History!Q6),Price_History!Q6,Price_History!P6) | F20: =IF(OR(ISERROR(Price_History!P6),ISNUMBER(SEARCH("Field Not Applicable",Price_History!P6&"")),ISNUMBER(SEARCH("Invalid Field",Price_History!P6&""))),"NOT APPLICABLE",IF(LEFT(Price_History!P6&"",1)="#","ERROR",IF(ISNUMBER(Price_History!Q6),"RETURNED","MISSING"))) | G20: Confirm in FLDS
A21: bulk_fields | B21: MTG_HIST_FACT | C21: Historical pool factors | D21: YES | E21: =IF(ISNUMBER(Factor_History!B5),Factor_History!B5,Factor_History!A5) | F21: =IF(OR(ISERROR(Factor_History!A5),ISNUMBER(SEARCH("Field Not Applicable",Factor_History!A5&"")),ISNUMBER(SEARCH("Invalid Field",Factor_History!A5&""))),"ERROR",IF(ISNUMBER(Factor_History!B5),"RETURNED","MISSING")) | G21: Confirm in FLDS

Sheet Static_Reference
A1: Static security reference
A2: Bloomberg BDP values; issuer disclosure remains authoritative.
A4: Role | B4: Bloomberg Security | C4: ID_CUSIP | D4: NAME | E4: CPN | F4: ISSUE_DT | G4: MATURITY | H4: MTG_FACTOR | I4: MTG_FACTOR_DT | J4: MTG_WAC | K4: MTG_WAM | L4: AMT_OUTSTANDING
A5: primary | B5: 3140QVLM4 Mtge | C5: =BDP($B5,"ID_CUSIP") | D5: =BDP($B5,"NAME") | E5: =BDP($B5,"CPN") | F5: =BDP($B5,"ISSUE_DT") | G5: =BDP($B5,"MATURITY") | H5: =BDP($B5,"MTG_FACTOR") | I5: =BDP($B5,"MTG_FACTOR_DT") | J5: =BDP($B5,"MTG_WAC") | K5: =BDP($B5,"MTG_WAM") | L5: =BDP($B5,"AMT_OUTSTANDING")
A6: holdout | B6: 3140QVWQ3 Mtge | C6: =BDP($B6,"ID_CUSIP") | D6: =BDP($B6,"NAME") | E6: =BDP($B6,"CPN") | F6: =BDP($B6,"ISSUE_DT") | G6: =BDP($B6,"MATURITY") | H6: =BDP($B6,"MTG_FACTOR") | I6: =BDP($B6,"MTG_FACTOR_DT") | J6: =BDP($B6,"MTG_WAC") | K6: =BDP($B6,"MTG_WAM") | L6: =BDP($B6,"AMT_OUTSTANDING")
A7: holdout | B7: 3140AHRE4 Mtge | C7: =BDP($B7,"ID_CUSIP") | D7: =BDP($B7,"NAME") | E7: =BDP($B7,"CPN") | F7: =BDP($B7,"ISSUE_DT") | G7: =BDP($B7,"MATURITY") | H7: =BDP($B7,"MTG_FACTOR") | I7: =BDP($B7,"MTG_FACTOR_DT") | J7: =BDP($B7,"MTG_WAC") | K7: =BDP($B7,"MTG_WAM") | L7: =BDP($B7,"AMT_OUTSTANDING")

Sheet Price_History
A1: Historical market observations
A2: Each block spills two columns: date and value. BVAL is evaluated; bid/ask are preferred where populated.
A4: PRIMARY | B4: 3140QVLM4 | C4: 3140QVLM4 Mtge
A5: BVAL_MID_PRICE | B5: evaluated | D5: PX_BID | E5: quote | G5: PX_ASK | H5: quote | J5: PX_LAST | K5: diagnostic | M5: OAS_SPREAD_MID | N5: external_model | P5: Z_SPRD_MID | Q5: external_model
A6: =BDH(Inputs!$E$5,"BVAL_MID_PRICE",Inputs!$F$5,Inputs!$G$5,"Per="&Inputs!$H$5,"Dir=V","Dts=S","Sort=D") | D6: =BDH(Inputs!$E$5,"PX_BID",Inputs!$F$5,Inputs!$G$5,"Per="&Inputs!$H$5,"Dir=V","Dts=S","Sort=D") | G6: =BDH(Inputs!$E$5,"PX_ASK",Inputs!$F$5,Inputs!$G$5,"Per="&Inputs!$H$5,"Dir=V","Dts=S","Sort=D") | J6: =BDH(Inputs!$E$5,"PX_LAST",Inputs!$F$5,Inputs!$G$5,"Per="&Inputs!$H$5,"Dir=V","Dts=S","Sort=D") | M6: =BDH(Inputs!$E$5,"OAS_SPREAD_MID",Inputs!$F$5,Inputs!$G$5,"Per="&Inputs!$H$5,"Dir=V","Dts=S","Sort=D") | P6: =BDH(Inputs!$E$5,"Z_SPRD_MID",Inputs!$F$5,Inputs!$G$5,"Per="&Inputs!$H$5,"Dir=V","Dts=S","Sort=D")
A1604: HOLDOUT | B1604: 3140QVWQ3 | C1604: 3140QVWQ3 Mtge
A1605: BVAL_MID_PRICE | B1605: evaluated | D1605: PX_BID | E1605: quote | G1605: PX_ASK | H1605: quote | J1605: PX_LAST | K1605: diagnostic | M1605: OAS_SPREAD_MID | N1605: external_model | P1605: Z_SPRD_MID | Q1605: external_model
A1606: =BDH(Inputs!$E$6,"BVAL_MID_PRICE",Inputs!$F$6,Inputs!$G$6,"Per="&Inputs!$H$6,"Dir=V","Dts=S","Sort=D") | D1606: =BDH(Inputs!$E$6,"PX_BID",Inputs!$F$6,Inputs!$G$6,"Per="&Inputs!$H$6,"Dir=V","Dts=S","Sort=D") | G1606: =BDH(Inputs!$E$6,"PX_ASK",Inputs!$F$6,Inputs!$G$6,"Per="&Inputs!$H$6,"Dir=V","Dts=S","Sort=D") | J1606: =BDH(Inputs!$E$6,"PX_LAST",Inputs!$F$6,Inputs!$G$6,"Per="&Inputs!$H$6,"Dir=V","Dts=S","Sort=D") | M1606: =BDH(Inputs!$E$6,"OAS_SPREAD_MID",Inputs!$F$6,Inputs!$G$6,"Per="&Inputs!$H$6,"Dir=V","Dts=S","Sort=D") | P1606: =BDH(Inputs!$E$6,"Z_SPRD_MID",Inputs!$F$6,Inputs!$G$6,"Per="&Inputs!$H$6,"Dir=V","Dts=S","Sort=D")
A3204: HOLDOUT | B3204: 3140AHRE4 | C3204: 3140AHRE4 Mtge
A3205: BVAL_MID_PRICE | B3205: evaluated | D3205: PX_BID | E3205: quote | G3205: PX_ASK | H3205: quote | J3205: PX_LAST | K3205: diagnostic | M3205: OAS_SPREAD_MID | N3205: external_model | P3205: Z_SPRD_MID | Q3205: external_model
A3206: =BDH(Inputs!$E$7,"BVAL_MID_PRICE",Inputs!$F$7,Inputs!$G$7,"Per="&Inputs!$H$7,"Dir=V","Dts=S","Sort=D") | D3206: =BDH(Inputs!$E$7,"PX_BID",Inputs!$F$7,Inputs!$G$7,"Per="&Inputs!$H$7,"Dir=V","Dts=S","Sort=D") | G3206: =BDH(Inputs!$E$7,"PX_ASK",Inputs!$F$7,Inputs!$G$7,"Per="&Inputs!$H$7,"Dir=V","Dts=S","Sort=D") | J3206: =BDH(Inputs!$E$7,"PX_LAST",Inputs!$F$7,Inputs!$G$7,"Per="&Inputs!$H$7,"Dir=V","Dts=S","Sort=D") | M3206: =BDH(Inputs!$E$7,"OAS_SPREAD_MID",Inputs!$F$7,Inputs!$G$7,"Per="&Inputs!$H$7,"Dir=V","Dts=S","Sort=D") | P3206: =BDH(Inputs!$E$7,"Z_SPRD_MID",Inputs!$F$7,Inputs!$G$7,"Per="&Inputs!$H$7,"Dir=V","Dts=S","Sort=D")

Sheet Factor_History
A1: Historical pool factors
A2: Bloomberg BDS MTG_HIST_FACT; reconcile every date to issuer factors.
A4: PRIMARY | B4: 3140QVLM4 | E4: HOLDOUT | F4: 3140QVWQ3 | I4: HOLDOUT | J4: 3140AHRE4
A5: =BDS(Inputs!$E$5,"MTG_HIST_FACT") | E5: =BDS(Inputs!$E$6,"MTG_HIST_FACT") | I5: =BDS(Inputs!$E$7,"MTG_HIST_FACT")

Sheet Data_Quality
A1: Workbook quality controls
A2: These checks are necessary but not sufficient; Python performs issuer reconciliation after import.
A4: Role | B4: CUSIP | C4: Check | D4: Expected | E4: Observed | F4: Status
A5: primary | B5: 3140QVLM4 | C5: CUSIP | D5: 3140QVLM4 | E5: =Static_Reference!C5 | F5: =IF(OR(ISERROR(E5),LEFT(E5&"",1)="#"),"ERROR",IF(E5=D5,"PASS","FAIL"))
A6: primary | B6: 3140QVLM4 | C6: Coupon | D6: 5.5 | E6: =Static_Reference!E5 | F6: =IF(OR(ISERROR(E6),LEFT(E6&"",1)="#"),"ERROR",IF(OR(ABS(E6-D6)<=0.001,ABS(E6*100-D6)<=0.001),"PASS","CHECK"))
A7: primary | B7: 3140QVLM4 | C7: Factor | D7: 0.875944 | E7: =Static_Reference!H5 | F7: =IF(OR(ISERROR(E7),LEFT(E7&"",1)="#"),"ERROR",IF(ABS(E7-D7)<=0.01,"PASS","CHECK"))
A8: primary | B8: 3140QVLM4 | C8: Factor date | D8: 46296 | E8: =Factor_History!A5 | F8: =IF(OR(ISERROR(E8),LEFT(E8&"",1)="#"),"ERROR",IF(E8="","MISSING",IF(AND(YEAR(E8)=YEAR(D8),MONTH(E8)=MONTH(D8)),"PASS","CHECK")))
A9: holdout | B9: 3140QVWQ3 | C9: CUSIP | D9: 3140QVWQ3 | E9: =Static_Reference!C6 | F9: =IF(OR(ISERROR(E9),LEFT(E9&"",1)="#"),"ERROR",IF(E9=D9,"PASS","FAIL"))
A10: holdout | B10: 3140QVWQ3 | C10: Coupon | D10: 5 | E10: =Static_Reference!E6 | F10: =IF(OR(ISERROR(E10),LEFT(E10&"",1)="#"),"ERROR",IF(OR(ABS(E10-D10)<=0.001,ABS(E10*100-D10)<=0.001),"PASS","CHECK"))
A11: holdout | B11: 3140QVWQ3 | C11: Factor | D11: 0.902649 | E11: =Static_Reference!H6 | F11: =IF(OR(ISERROR(E11),LEFT(E11&"",1)="#"),"ERROR",IF(ABS(E11-D11)<=0.01,"PASS","CHECK"))
A12: holdout | B12: 3140QVWQ3 | C12: Factor date | D12: 46296 | E12: =Factor_History!E5 | F12: =IF(OR(ISERROR(E12),LEFT(E12&"",1)="#"),"ERROR",IF(E12="","MISSING",IF(AND(YEAR(E12)=YEAR(D12),MONTH(E12)=MONTH(D12)),"PASS","CHECK")))
A13: holdout | B13: 3140AHRE4 | C13: CUSIP | D13: 3140AHRE4 | E13: =Static_Reference!C7 | F13: =IF(OR(ISERROR(E13),LEFT(E13&"",1)="#"),"ERROR",IF(E13=D13,"PASS","FAIL"))
A14: holdout | B14: 3140AHRE4 | C14: Coupon | D14: 6 | E14: =Static_Reference!E7 | F14: =IF(OR(ISERROR(E14),LEFT(E14&"",1)="#"),"ERROR",IF(OR(ABS(E14-D14)<=0.001,ABS(E14*100-D14)<=0.001),"PASS","CHECK"))
A15: holdout | B15: 3140AHRE4 | C15: Factor | D15: 0.61806 | E15: =Static_Reference!H7 | F15: =IF(OR(ISERROR(E15),LEFT(E15&"",1)="#"),"ERROR",IF(ABS(E15-D15)<=0.01,"PASS","CHECK"))
A16: holdout | B16: 3140AHRE4 | C16: Factor date | D16: 46296 | E16: =Factor_History!I5 | F16: =IF(OR(ISERROR(E16),LEFT(E16&"",1)="#"),"ERROR",IF(E16="","MISSING",IF(AND(YEAR(E16)=YEAR(D16),MONTH(E16)=MONTH(D16)),"PASS","CHECK")))

Sheet Export
A1: Python import contract
A2: Do not edit. Python imports static values here and scans Price_History / Factor_History blocks.
A4: role | B4: agency | C4: pool_number | D4: cusip | E4: bloomberg_security | F4: start_date | G4: end_date
A5: =Inputs!$A$5 | B5: =Inputs!$B$5 | C5: =Inputs!$C$5 | D5: =Inputs!$D$5 | E5: =Inputs!$E$5 | F5: =Inputs!$F$5 | G5: =Inputs!$G$5
A6: =Inputs!$A$6 | B6: =Inputs!$B$6 | C6: =Inputs!$C$6 | D6: =Inputs!$D$6 | E6: =Inputs!$E$6 | F6: =Inputs!$F$6 | G6: =Inputs!$G$6
A7: =Inputs!$A$7 | B7: =Inputs!$B$7 | C7: =Inputs!$C$7 | D7: =Inputs!$D$7 | E7: =Inputs!$E$7 | F7: =Inputs!$F$7 | G7: =Inputs!$G$7
